paese,indicatore,anno,anno_fiscale
ABW,BCA_NGDPD,2024,
ABW,GGXCNL_NGDP,2024,
ABW,GGXONLB_NGDP,2024,
ABW,GGXWDG_NGDP,2024,
ABW,NGDPD,2023,
ABW,NGDP_RPCH,2023,
ABW,PCPIEPCH,2025,
ABW,PCPIPCH,2025,
ABW,PPPPC,2023,
AFG,BCA_NGDPD,2023,1
AFG,GGXCNL_NGDP,2024,1
AFG,GGXONLB_NGDP,2024,1
AFG,GGXWDG_NGDP,2024,1
AFG,NGDPD,2024,1
AFG,NGDP_RPCH,2024,1
AFG,PCPIEPCH,2025,1
AFG,PCPIPCH,2025,1
AFG,PPPPC,2024,1
AGO,BCA_NGDPD,2025,
AGO,GGXCNL_NGDP,2025,
AGO,GGXONLB_NGDP,2025,
AGO,GGXWDG_NGDP,2025,
AGO,NGDPD,2024,
AGO,NGDP_RPCH,2024,
AGO,PCPIEPCH,2025,
AGO,PCPIPCH,2025,
AGO,PPPPC,2024,
ALB,BCA_NGDPD,2024,
ALB,GGXCNL_NGDP,2025,
ALB,GGXONLB_NGDP,2025,
ALB,GGXWDG_NGDP,2025,
ALB,NGDPD,2024,
ALB,NGDP_RPCH,2024,
ALB,PCPIEPCH,2025,
ALB,PCPIPCH,2025,
ALB,PPPPC,2024,
AND,BCA_NGDPD,2024,
AND,GGXCNL_NGDP,2024,
AND,GGXONLB_NGDP,2024,
AND,GGXWDG_NGDP,2024,
AND,NGDPD,2025,
AND,NGDP_RPCH,2025,
AND,PCPIEPCH,2025,
AND,PCPIPCH,2025,
AND,PPPPC,2025,
ARE,BCA_NGDPD,2024,
ARE,GGXCNL_NGDP,2024,
ARE,GGXONLB_NGDP,2024,
ARE,GGXWDG_NGDP,2024,
ARE,NGDPD,2024,
ARE,NGDP_RPCH,2024,
ARE,PCPIEPCH,2024,
ARE,PCPIPCH,2024,
ARE,PPPPC,2024,
ARG,BCA_NGDPD,2025,
ARG,GGXCNL_NGDP,2025,
ARG,GGXONLB_NGDP,2025,
ARG,GGXWDG_NGDP,2025,
ARG,NGDPD,2025,
ARG,NGDP_RPCH,2025,
ARG,PCPIEPCH,2025,
ARG,PCPIPCH,2025,
ARG,PPPPC,2025,
ARM,BCA_NGDPD,2024,
ARM,GGXCNL_NGDP,2025,
ARM,GGXONLB_NGDP,2025,
ARM,GGXWDG_NGDP,2025,
ARM,NGDPD,2025,
ARM,NGDP_RPCH,2025,
ARM,PCPIEPCH,2025,
ARM,PCPIPCH,2025,
ARM,PPPPC,2025,
ATG,BCA_NGDPD,2025,
ATG,GGXCNL_NGDP,2025,
ATG,GGXONLB_NGDP,2025,
ATG,GGXWDG_NGDP,2025,
ATG,NGDPD,2024,
ATG,NGDP_RPCH,2024,
ATG,PCPIEPCH,2025,
ATG,PCPIPCH,2025,
ATG,PPPPC,2024,
AUS,BCA_NGDPD,2025,
AUS,GGXCNL_NGDP,2024,
AUS,GGXONLB_NGDP,2024,
AUS,GGXWDG_NGDP,2024,
AUS,NGDPD,2025,
AUS,NGDP_RPCH,2025,
AUS,PCPIEPCH,2025,
AUS,PCPIPCH,2025,
AUS,PPPPC,2025,
AUT,BCA_NGDPD,2024,
AUT,GGXCNL_NGDP,2024,
AUT,GGXONLB_NGDP,2024,
AUT,GGXWDG_NGDP,2024,
AUT,NGDPD,2025,
AUT,NGDP_RPCH,2025,
AUT,PCPIEPCH,2025,
AUT,PCPIPCH,2025,
AUT,PPPPC,2025,
AZE,BCA_NGDPD,2024,
AZE,GGXCNL_NGDP,2025,
AZE,GGXONLB_NGDP,2025,
AZE,GGXWDG_NGDP,2025,
AZE,NGDPD,2024,
AZE,NGDP_RPCH,2024,
AZE,PCPIEPCH,2025,
AZE,PCPIPCH,2025,
AZE,PPPPC,2024,
BDI,BCA_NGDPD,2024,
BDI,GGXCNL_NGDP,2024,
BDI,GGXONLB_NGDP,2024,
BDI,GGXWDG_NGDP,2024,
BDI,NGDPD,2024,
BDI,NGDP_RPCH,2024,
BDI,PCPIEPCH,2025,
BDI,PCPIPCH,2025,
BDI,PPPPC,2024,
BEL,BCA_NGDPD,2024,
BEL,GGXCNL_NGDP,2024,
BEL,GGXONLB_NGDP,2024,
BEL,GGXWDG_NGDP,2024,
BEL,NGDPD,2024,
BEL,NGDP_RPCH,2024,
BEL,PCPIEPCH,2025,
BEL,PCPIPCH,2025,
BEL,PPPPC,2024,
BEN,BCA_NGDPD,2023,
BEN,GGXCNL_NGDP,2024,
BEN,GGXONLB_NGDP,2024,
BEN,GGXWDG_NGDP,2024,
BEN,NGDPD,2024,
BEN,NGDP_RPCH,2024,
BEN,PCPIEPCH,2025,
BEN,PCPIPCH,2025,
BEN,PPPPC,2024,
BFA,BCA_NGDPD,2023,
BFA,GGXCNL_NGDP,2024,
BFA,GGXONLB_NGDP,2024,
BFA,GGXWDG_NGDP,2024,
BFA,NGDPD,2024,
BFA,NGDP_RPCH,2024,
BFA,PCPIEPCH,2024,
BFA,PCPIPCH,2024,
BFA,PPPPC,2024,
BGD,BCA_NGDPD,2024,1
BGD,GGXCNL_NGDP,2024,1
BGD,GGXONLB_NGDP,2024,1
BGD,GGXWDG_NGDP,2024,1
BGD,NGDPD,2024,1
BGD,NGDP_RPCH,2024,1
BGD,PCPIEPCH,2024,1
BGD,PCPIPCH,2024,1
BGD,PPPPC,2024,1
BGR,BCA_NGDPD,2025,
BGR,GGXCNL_NGDP,2025,
BGR,GGXONLB_NGDP,2025,
BGR,GGXWDG_NGDP,2025,
BGR,NGDPD,2025,
BGR,NGDP_RPCH,2025,
BGR,PCPIEPCH,2025,
BGR,PCPIPCH,2025,
BGR,PPPPC,2025,
BHR,BCA_NGDPD,2025,
BHR,GGXCNL_NGDP,2024,
BHR,GGXONLB_NGDP,2024,
BHR,GGXWDG_NGDP,2024,
BHR,NGDPD,2024,
BHR,NGDP_RPCH,2024,
BHR,PCPIEPCH,2025,
BHR,PCPIPCH,2025,
BHR,PPPPC,2024,
BHS,BCA_NGDPD,2025,
BHS,GGXCNL_NGDP,2024,1
BHS,GGXONLB_NGDP,2024,1
BHS,GGXWDG_NGDP,2024,1
BHS,NGDPD,2024,
BHS,NGDP_RPCH,2024,
BHS,PCPIEPCH,2024,
BHS,PCPIPCH,2024,
BHS,PPPPC,2024,
BIH,BCA_NGDPD,2024,
BIH,GGXCNL_NGDP,2024,
BIH,GGXONLB_NGDP,2024,
BIH,GGXWDG_NGDP,2024,
BIH,NGDPD,2024,
BIH,NGDP_RPCH,2024,
BIH,PCPIEPCH,2025,
BIH,PCPIPCH,2025,
BIH,PPPPC,2024,
BLR,BCA_NGDPD,2024,
BLR,GGXCNL_NGDP,2024,
BLR,GGXONLB_NGDP,2024,
BLR,GGXWDG_NGDP,2024,
BLR,NGDPD,2024,
BLR,NGDP_RPCH,2024,
BLR,PCPIEPCH,2024,
BLR,PCPIPCH,2024,
BLR,PPPPC,2024,
BLZ,BCA_NGDPD,2024,
BLZ,GGXCNL_NGDP,2025,
BLZ,GGXONLB_NGDP,2025,
BLZ,GGXWDG_NGDP,2025,
BLZ,NGDPD,2024,
BLZ,NGDP_RPCH,2024,
BLZ,PCPIEPCH,2025,
BLZ,PCPIPCH,2025,
BLZ,PPPPC,2024,
BOL,BCA_NGDPD,2025,
BOL,GGXCNL_NGDP,2025,
BOL,GGXONLB_NGDP,2025,
BOL,GGXWDG_NGDP,2025,
BOL,NGDPD,2025,
BOL,NGDP_RPCH,2025,
BOL,PCPIEPCH,2025,
BOL,PCPIPCH,2025,
BOL,PPPPC,2025,
BRA,BCA_NGDPD,2025,
BRA,GGXCNL_NGDP,2024,
BRA,GGXONLB_NGDP,2024,
BRA,GGXWDG_NGDP,2024,
BRA,NGDPD,2025,
BRA,NGDP_RPCH,2025,
BRA,PCPIEPCH,2025,
BRA,PCPIPCH,2025,
BRA,PPPPC,2025,
BRB,BCA_NGDPD,2024,
BRB,GGXCNL_NGDP,2024,1
BRB,GGXONLB_NGDP,2024,1
BRB,GGXWDG_NGDP,2024,1
BRB,NGDPD,2024,
BRB,NGDP_RPCH,2024,
BRB,PCPIEPCH,2025,
BRB,PCPIPCH,2025,
BRB,PPPPC,2024,
BRN,BCA_NGDPD,2024,
BRN,GGXCNL_NGDP,2024,
BRN,GGXONLB_NGDP,2024,
BRN,GGXWDG_NGDP,2024,
BRN,NGDPD,2024,
BRN,NGDP_RPCH,2024,
BRN,PCPIEPCH,2025,
BRN,PCPIPCH,2025,
BRN,PPPPC,2024,
BTN,BCA_NGDPD,2023,1
BTN,GGXCNL_NGDP,2024,1
BTN,GGXONLB_NGDP,2024,1
BTN,GGXWDG_NGDP,2024,1
BTN,NGDPD,2023,1
BTN,NGDP_RPCH,2023,1
BTN,PCPIEPCH,2024,1
BTN,PCPIPCH,2024,1
BTN,PPPPC,2023,1
BWA,BCA_NGDPD,2024,
BWA,GGXCNL_NGDP,2023,1
BWA,GGXONLB_NGDP,2023,1
BWA,GGXWDG_NGDP,2023,1
BWA,NGDPD,2024,
BWA,NGDP_RPCH,2024,
BWA,PCPIEPCH,2025,
BWA,PCPIPCH,2025,
BWA,PPPPC,2024,
CAF,BCA_NGDPD,2023,
CAF,GGXCNL_NGDP,2025,
CAF,GGXONLB_NGDP,2025,
CAF,GGXWDG_NGDP,2025,
CAF,NGDPD,2019,
CAF,NGDP_RPCH,2019,
CAF,PCPIEPCH,2025,
CAF,PCPIPCH,2025,
CAF,PPPPC,2019,
CAN,BCA_NGDPD,2025,
CAN,GGXCNL_NGDP,2024,
CAN,GGXONLB_NGDP,2024,
CAN,GGXWDG_NGDP,2024,
CAN,NGDPD,2025,
CAN,NGDP_RPCH,2025,
CAN,PCPIEPCH,2025,
CAN,PCPIPCH,2025,
CAN,PPPPC,2025,
CHE,BCA_NGDPD,2025,
CHE,GGXCNL_NGDP,2025,
CHE,GGXONLB_NGDP,2025,
CHE,GGXWDG_NGDP,2025,
CHE,NGDPD,2025,
CHE,NGDP_RPCH,2025,
CHE,PCPIEPCH,2025,
CHE,PCPIPCH,2025,
CHE,PPPPC,2025,
CHL,BCA_NGDPD,2024,
CHL,GGXCNL_NGDP,2024,
CHL,GGXONLB_NGDP,2024,
CHL,GGXWDG_NGDP,2024,
CHL,NGDPD,2025,
CHL,NGDP_RPCH,2025,
CHL,PCPIEPCH,2025,
CHL,PCPIPCH,2025,
CHL,PPPPC,2025,
CHN,BCA_NGDPD,2025,
CHN,GGXCNL_NGDP,2024,
CHN,GGXONLB_NGDP,2024,
CHN,GGXWDG_NGDP,2024,
CHN,NGDPD,2025,
CHN,NGDP_RPCH,2025,
CHN,PCPIEPCH,2025,
CHN,PCPIPCH,2025,
CHN,PPPPC,2025,
CIV,BCA_NGDPD,2024,
CIV,GGXCNL_NGDP,2025,
CIV,GGXONLB_NGDP,2025,
CIV,GGXWDG_NGDP,2025,
CIV,NGDPD,2024,
CIV,NGDP_RPCH,2024,
CIV,PCPIEPCH,2024,
CIV,PCPIPCH,2024,
CIV,PPPPC,2024,
CMR,BCA_NGDPD,2024,
CMR,GGXCNL_NGDP,2024,
CMR,GGXONLB_NGDP,2024,
CMR,GGXWDG_NGDP,2024,
CMR,NGDPD,2024,
CMR,NGDP_RPCH,2024,
CMR,PCPIEPCH,2025,
CMR,PCPIPCH,2025,
CMR,PPPPC,2024,
COD,BCA_NGDPD,2023,
COD,GGXCNL_NGDP,2023,
COD,GGXONLB_NGDP,2023,
COD,GGXWDG_NGDP,2023,
COD,NGDPD,2023,
COD,NGDP_RPCH,2023,
COD,PCPIEPCH,2025,
COD,PCPIPCH,2025,
COD,PPPPC,2023,
COG,BCA_NGDPD,2022,
COG,GGXCNL_NGDP,2024,
COG,GGXONLB_NGDP,2024,
COG,GGXWDG_NGDP,2024,
COG,NGDPD,2022,
COG,NGDP_RPCH,2022,
COG,PCPIEPCH,2025,
COG,PCPIPCH,2025,
COG,PPPPC,2022,
COL,BCA_NGDPD,2025,
COL,GGXCNL_NGDP,2025,
COL,GGXONLB_NGDP,2025,
COL,GGXWDG_NGDP,2025,
COL,NGDPD,2025,
COL,NGDP_RPCH,2025,
COL,PCPIEPCH,2025,
COL,PCPIPCH,2025,
COL,PPPPC,2025,
COM,BCA_NGDPD,2024,
COM,GGXCNL_NGDP,2024,
COM,GGXONLB_NGDP,2024,
COM,GGXWDG_NGDP,2024,
COM,NGDPD,2024,
COM,NGDP_RPCH,2024,
COM,PCPIEPCH,2024,
COM,PCPIPCH,2024,
COM,PPPPC,2024,
CPV,BCA_NGDPD,2024,
CPV,GGXCNL_NGDP,2024,
CPV,GGXONLB_NGDP,2024,
CPV,GGXWDG_NGDP,2024,
CPV,NGDPD,2024,
CPV,NGDP_RPCH,2024,
CPV,PCPIEPCH,2024,
CPV,PCPIPCH,2024,
CPV,PPPPC,2024,
CRI,BCA_NGDPD,2024,
CRI,GGXCNL_NGDP,2024,
CRI,GGXONLB_NGDP,2024,
CRI,GGXWDG_NGDP,2024,
CRI,NGDPD,2025,
CRI,NGDP_RPCH,2025,
CRI,PCPIEPCH,2025,
CRI,PCPIPCH,2025,
CRI,PPPPC,2025,
CYP,BCA_NGDPD,2024,
CYP,GGXCNL_NGDP,2025,
CYP,GGXONLB_NGDP,2025,
CYP,GGXWDG_NGDP,2025,
CYP,NGDPD,2025,
CYP,NGDP_RPCH,2025,
CYP,PCPIEPCH,2025,
CYP,PCPIPCH,2025,
CYP,PPPPC,2025,
CZE,BCA_NGDPD,2025,
CZE,GGXCNL_NGDP,2024,
CZE,GGXONLB_NGDP,2024,
CZE,GGXWDG_NGDP,2024,
CZE,NGDPD,2025,
CZE,NGDP_RPCH,2025,
CZE,PCPIEPCH,2025,
CZE,PCPIPCH,2025,
CZE,PPPPC,2025,
DEU,BCA_NGDPD,2025,
DEU,GGXCNL_NGDP,2025,
DEU,GGXONLB_NGDP,2025,
DEU,GGXWDG_NGDP,2025,
DEU,NGDPD,2025,
DEU,NGDP_RPCH,2025,
DEU,PCPIEPCH,2025,
DEU,PCPIPCH,2025,
DEU,PPPPC,2025,
DJI,BCA_NGDPD,2024,
DJI,GGXCNL_NGDP,2024,
DJI,GGXONLB_NGDP,2024,
DJI,GGXWDG_NGDP,2024,
DJI,NGDPD,2024,
DJI,NGDP_RPCH,2024,
DJI,PCPIEPCH,2025,
DJI,PCPIPCH,2025,
DJI,PPPPC,2024,
DMA,BCA_NGDPD,2024,
DMA,GGXCNL_NGDP,2024,1
DMA,GGXONLB_NGDP,2024,1
DMA,GGXWDG_NGDP,2024,1
DMA,NGDPD,2024,
DMA,NGDP_RPCH,2024,
DMA,PCPIEPCH,2025,
DMA,PCPIPCH,2025,
DMA,PPPPC,2024,
DNK,BCA_NGDPD,2025,
DNK,GGXCNL_NGDP,2024,
DNK,GGXONLB_NGDP,2024,
DNK,GGXWDG_NGDP,2024,
DNK,NGDPD,2025,
DNK,NGDP_RPCH,2025,
DNK,PCPIEPCH,2025,
DNK,PCPIPCH,2025,
DNK,PPPPC,2025,
DOM,BCA_NGDPD,2024,
DOM,GGXCNL_NGDP,2025,
DOM,GGXONLB_NGDP,2025,
DOM,GGXWDG_NGDP,2025,
DOM,NGDPD,2025,
DOM,NGDP_RPCH,2025,
DOM,PCPIEPCH,2025,
DOM,PCPIPCH,2025,
DOM,PPPPC,2025,
DZA,BCA_NGDPD,2024,
DZA,GGXCNL_NGDP,2024,
DZA,GGXONLB_NGDP,2024,
DZA,GGXWDG_NGDP,2024,
DZA,NGDPD,2024,
DZA,NGDP_RPCH,2024,
DZA,PCPIEPCH,2024,
DZA,PCPIPCH,2024,
DZA,PPPPC,2024,
ECU,BCA_NGDPD,2024,
ECU,GGXCNL_NGDP,2025,
ECU,GGXONLB_NGDP,2025,
ECU,GGXWDG_NGDP,2025,
ECU,NGDPD,2025,
ECU,NGDP_RPCH,2025,
ECU,PCPIEPCH,2025,
ECU,PCPIPCH,2025,
ECU,PPPPC,2025,
EGY,BCA_NGDPD,2024,1
EGY,GGXCNL_NGDP,2024,1
EGY,GGXONLB_NGDP,2024,1
EGY,GGXWDG_NGDP,2024,1
EGY,NGDPD,2024,1
EGY,NGDP_RPCH,2024,1
EGY,PCPIEPCH,2024,1
EGY,PCPIPCH,2024,1
EGY,PPPPC,2024,1
ERI,BCA_NGDPD,2019,
ERI,GGXCNL_NGDP,2019,
ERI,GGXONLB_NGDP,2019,
ERI,GGXWDG_NGDP,2019,
ERI,NGDPD,2019,
ERI,NGDP_RPCH,2019,
ERI,PCPIEPCH,2019,
ERI,PCPIPCH,2019,
ERI,PPPPC,2019,
ESP,BCA_NGDPD,2025,
ESP,GGXCNL_NGDP,2025,
ESP,GGXONLB_NGDP,2025,
ESP,GGXWDG_NGDP,2025,
ESP,NGDPD,2025,
ESP,NGDP_RPCH,2025,
ESP,PCPIEPCH,2025,
ESP,PCPIPCH,2025,
ESP,PPPPC,2025,
EST,BCA_NGDPD,2024,
EST,GGXCNL_NGDP,2024,
EST,GGXONLB_NGDP,2024,
EST,GGXWDG_NGDP,2024,
EST,NGDPD,2025,
EST,NGDP_RPCH,2025,
EST,PCPIEPCH,2025,
EST,PCPIPCH,2025,
EST,PPPPC,2025,
ETH,BCA_NGDPD,2024,1
ETH,GGXCNL_NGDP,2024,1
ETH,GGXONLB_NGDP,2024,1
ETH,GGXWDG_NGDP,2024,1
ETH,NGDPD,2024,1
ETH,NGDP_RPCH,2024,1
ETH,PCPIEPCH,2025,
ETH,PCPIPCH,2025,
ETH,PPPPC,2024,1
FIN,BCA_NGDPD,2025,
FIN,GGXCNL_NGDP,2024,
FIN,GGXONLB_NGDP,2024,
FIN,GGXWDG_NGDP,2024,
FIN,NGDPD,2024,
FIN,NGDP_RPCH,2024,
FIN,PCPIEPCH,2025,
FIN,PCPIPCH,2025,
FIN,PPPPC,2024,
FJI,BCA_NGDPD,2024,
FJI,GGXCNL_NGDP,2024,1
FJI,GGXONLB_NGDP,2024,1
FJI,GGXWDG_NGDP,2024,1
FJI,NGDPD,2024,
FJI,NGDP_RPCH,2024,
FJI,PCPIEPCH,2025,
FJI,PCPIPCH,2025,
FJI,PPPPC,2024,
FRA,BCA_NGDPD,2024,
FRA,GGXCNL_NGDP,2024,
FRA,GGXONLB_NGDP,2024,
FRA,GGXWDG_NGDP,2024,
FRA,NGDPD,2025,
FRA,NGDP_RPCH,2025,
FRA,PCPIEPCH,2025,
FRA,PCPIPCH,2025,
FRA,PPPPC,2025,
FSM,BCA_NGDPD,2022,1
FSM,GGXCNL_NGDP,2022,1
FSM,GGXONLB_NGDP,2022,1
FSM,GGXWDG_NGDP,2022,1
FSM,NGDPD,2023,1
FSM,NGDP_RPCH,2023,1
FSM,PCPIEPCH,2023,1
FSM,PCPIPCH,2023,1
FSM,PPPPC,2023,1
GAB,BCA_NGDPD,2023,
GAB,GGXCNL_NGDP,2024,
GAB,GGXONLB_NGDP,2024,
GAB,GGXWDG_NGDP,2024,
GAB,NGDPD,2024,
GAB,NGDP_RPCH,2024,
GAB,PCPIEPCH,2024,
GAB,PCPIPCH,2024,
GAB,PPPPC,2024,
GBR,BCA_NGDPD,2024,
GBR,GGXCNL_NGDP,2025,
GBR,GGXONLB_NGDP,2025,
GBR,GGXWDG_NGDP,2025,
GBR,NGDPD,2025,
GBR,NGDP_RPCH,2025,
GBR,PCPIEPCH,2025,
GBR,PCPIPCH,2025,
GBR,PPPPC,2025,
GEO,BCA_NGDPD,2025,
GEO,GGXCNL_NGDP,2025,
GEO,GGXONLB_NGDP,2025,
GEO,GGXWDG_NGDP,2025,
GEO,NGDPD,2025,
GEO,NGDP_RPCH,2025,
GEO,PCPIEPCH,2025,
GEO,PCPIPCH,2025,
GEO,PPPPC,2025,
GHA,BCA_NGDPD,2024,
GHA,GGXCNL_NGDP,2024,
GHA,GGXONLB_NGDP,2024,
GHA,GGXWDG_NGDP,2024,
GHA,NGDPD,2024,
GHA,NGDP_RPCH,2024,
GHA,PCPIEPCH,2024,
GHA,PCPIPCH,2024,
GHA,PPPPC,2024,
GIN,BCA_NGDPD,2025,
GIN,GGXCNL_NGDP,2025,
GIN,GGXONLB_NGDP,2025,
GIN,GGXWDG_NGDP,2025,
GIN,NGDPD,2024,
GIN,NGDP_RPCH,2024,
GIN,PCPIEPCH,2025,
GIN,PCPIPCH,2025,
GIN,PPPPC,2024,
GMB,BCA_NGDPD,2023,
GMB,GGXCNL_NGDP,2023,
GMB,GGXONLB_NGDP,2023,
GMB,GGXWDG_NGDP,2023,
GMB,NGDPD,2023,
GMB,NGDP_RPCH,2023,
GMB,PCPIEPCH,2024,
GMB,PCPIPCH,2024,
GMB,PPPPC,2023,
GNB,BCA_NGDPD,2023,
GNB,GGXCNL_NGDP,2024,
GNB,GGXONLB_NGDP,2024,
GNB,GGXWDG_NGDP,2024,
GNB,NGDPD,2023,
GNB,NGDP_RPCH,2023,
GNB,PCPIEPCH,2024,
GNB,PCPIPCH,2024,
GNB,PPPPC,2023,
GNQ,BCA_NGDPD,2023,
GNQ,GGXCNL_NGDP,2024,
GNQ,GGXONLB_NGDP,2024,
GNQ,GGXWDG_NGDP,2024,
GNQ,NGDPD,2024,
GNQ,NGDP_RPCH,2024,
GNQ,PCPIEPCH,2024,
GNQ,PCPIPCH,2024,
GNQ,PPPPC,2024,
GRC,BCA_NGDPD,2025,
GRC,GGXCNL_NGDP,2024,
GRC,GGXONLB_NGDP,2024,
GRC,GGXWDG_NGDP,2024,
GRC,NGDPD,2025,
GRC,NGDP_RPCH,2025,
GRC,PCPIEPCH,2025,
GRC,PCPIPCH,2025,
GRC,PPPPC,2025,
GRD,BCA_NGDPD,2025,
GRD,GGXCNL_NGDP,2024,
GRD,GGXONLB_NGDP,2024,
GRD,GGXWDG_NGDP,2024,
GRD,NGDPD,2025,
GRD,NGDP_RPCH,2025,
GRD,PCPIEPCH,2024,
GRD,PCPIPCH,2024,
GRD,PPPPC,2025,
GTM,BCA_NGDPD,2024,
GTM,GGXCNL_NGDP,2024,
GTM,GGXONLB_NGDP,2024,
GTM,GGXWDG_NGDP,2024,
GTM,NGDPD,2024,
GTM,NGDP_RPCH,2024,
GTM,PCPIEPCH,2025,
GTM,PCPIPCH,2025,
GTM,PPPPC,2024,
GUY,BCA_NGDPD,2025,
GUY,GGXCNL_NGDP,2025,
GUY,GGXONLB_NGDP,2025,
GUY,GGXWDG_NGDP,2025,
GUY,NGDPD,2025,
GUY,NGDP_RPCH,2025,
GUY,PCPIEPCH,2025,
GUY,PCPIPCH,2025,
GUY,PPPPC,2025,
HKG,BCA_NGDPD,2025,
HKG,GGXCNL_NGDP,2024,1
HKG,GGXONLB_NGDP,2024,1
HKG,GGXWDG_NGDP,2024,1
HKG,NGDPD,2025,
HKG,NGDP_RPCH,2025,
HKG,PCPIEPCH,2025,
HKG,PCPIPCH,2025,
HKG,PPPPC,2025,
HND,BCA_NGDPD,2024,
HND,GGXCNL_NGDP,2024,
HND,GGXONLB_NGDP,2024,
HND,GGXWDG_NGDP,2024,
HND,NGDPD,2024,
HND,NGDP_RPCH,2024,
HND,PCPIEPCH,2025,
HND,PCPIPCH,2025,
HND,PPPPC,2024,
HRV,BCA_NGDPD,2024,
HRV,GGXCNL_NGDP,2024,
HRV,GGXONLB_NGDP,2024,
HRV,GGXWDG_NGDP,2024,
HRV,NGDPD,2025,
HRV,NGDP_RPCH,2025,
HRV,PCPIEPCH,2025,
HRV,PCPIPCH,2025,
HRV,PPPPC,2025,
HTI,BCA_NGDPD,2024,1
HTI,GGXCNL_NGDP,2024,1
HTI,GGXONLB_NGDP,2024,1
HTI,GGXWDG_NGDP,2024,1
HTI,NGDPD,2024,1
HTI,NGDP_RPCH,2024,1
HTI,PCPIEPCH,2024,1
HTI,PCPIPCH,2024,1
HTI,PPPPC,2024,1
HUN,BCA_NGDPD,2024,
HUN,GGXCNL_NGDP,2025,
HUN,GGXONLB_NGDP,2025,
HUN,GGXWDG_NGDP,2025,
HUN,NGDPD,2025,
HUN,NGDP_RPCH,2025,
HUN,PCPIEPCH,2025,
HUN,PCPIPCH,2025,
HUN,PPPPC,2025,
IDN,BCA_NGDPD,2024,
IDN,GGXCNL_NGDP,2025,
IDN,GGXONLB_NGDP,2025,
IDN,GGXWDG_NGDP,2025,
IDN,NGDPD,2025,
IDN,NGDP_RPCH,2025,
IDN,PCPIEPCH,2025,
IDN,PCPIPCH,2025,
IDN,PPPPC,2025,
IND,BCA_NGDPD,2024,1
IND,GGXCNL_NGDP,2024,1
IND,GGXONLB_NGDP,2024,1
IND,GGXWDG_NGDP,2024,1
IND,NGDPD,2024,1
IND,NGDP_RPCH,2024,1
IND,PCPIEPCH,2024,1
IND,PCPIPCH,2024,1
IND,PPPPC,2024,1
IRL,BCA_NGDPD,2024,
IRL,GGXCNL_NGDP,2024,
IRL,GGXONLB_NGDP,2024,
IRL,GGXWDG_NGDP,2024,
IRL,NGDPD,2025,
IRL,NGDP_RPCH,2025,
IRL,PCPIEPCH,2025,
IRL,PCPIPCH,2025,
IRL,PPPPC,2025,
IRN,BCA_NGDPD,2024,1
IRN,GGXCNL_NGDP,2024,1
IRN,GGXONLB_NGDP,2024,1
IRN,GGXWDG_NGDP,2024,1
IRN,NGDPD,2024,1
IRN,NGDP_RPCH,2024,1
IRN,PCPIEPCH,2024,1
IRN,PCPIPCH,2024,1
IRN,PPPPC,2024,1
IRQ,BCA_NGDPD,2025,
IRQ,GGXCNL_NGDP,2025,
IRQ,GGXONLB_NGDP,2025,
IRQ,GGXWDG_NGDP,2025,
IRQ,NGDPD,2025,
IRQ,NGDP_RPCH,2025,
IRQ,PCPIEPCH,2025,
IRQ,PCPIPCH,2025,
IRQ,PPPPC,2025,
ISL,BCA_NGDPD,2024,
ISL,GGXCNL_NGDP,2024,
ISL,GGXONLB_NGDP,2024,
ISL,GGXWDG_NGDP,2024,
ISL,NGDPD,2024,
ISL,NGDP_RPCH,2024,
ISL,PCPIEPCH,2025,
ISL,PCPIPCH,2025,
ISL,PPPPC,2024,
ISR,BCA_NGDPD,2025,
ISR,GGXCNL_NGDP,2025,
ISR,GGXONLB_NGDP,2025,
ISR,GGXWDG_NGDP,2025,
ISR,NGDPD,2025,
ISR,NGDP_RPCH,2025,
ISR,PCPIEPCH,2025,
ISR,PCPIPCH,2025,
ISR,PPPPC,2025,
ITA,BCA_NGDPD,2025,
ITA,GGXCNL_NGDP,2025,
ITA,GGXONLB_NGDP,2025,
ITA,GGXWDG_NGDP,2025,
ITA,NGDPD,2025,
ITA,NGDP_RPCH,2025,
ITA,PCPIEPCH,2025,
ITA,PCPIPCH,2025,
ITA,PPPPC,2025,
JAM,BCA_NGDPD,2024,
JAM,GGXCNL_NGDP,2024,1
JAM,GGXONLB_NGDP,2024,1
JAM,GGXWDG_NGDP,2024,1
JAM,NGDPD,2024,
JAM,NGDP_RPCH,2024,
JAM,PCPIEPCH,2025,
JAM,PCPIPCH,2025,
JAM,PPPPC,2024,
JOR,BCA_NGDPD,2024,
JOR,GGXCNL_NGDP,2024,
JOR,GGXONLB_NGDP,2024,
JOR,GGXWDG_NGDP,2024,
JOR,NGDPD,2024,
JOR,NGDP_RPCH,2024,
JOR,PCPIEPCH,2025,
JOR,PCPIPCH,2025,
JOR,PPPPC,2024,
JPN,BCA_NGDPD,2025,
JPN,GGXCNL_NGDP,2024,
JPN,GGXONLB_NGDP,2024,
JPN,GGXWDG_NGDP,2024,
JPN,NGDPD,2025,
JPN,NGDP_RPCH,2025,
JPN,PCPIEPCH,2025,
JPN,PCPIPCH,2025,
JPN,PPPPC,2025,
KAZ,BCA_NGDPD,2024,
KAZ,GGXCNL_NGDP,2024,
KAZ,GGXONLB_NGDP,2024,
KAZ,GGXWDG_NGDP,2024,
KAZ,NGDPD,2024,
KAZ,NGDP_RPCH,2024,
KAZ,PCPIEPCH,2024,
KAZ,PCPIPCH,2024,
KAZ,PPPPC,2024,
KEN,BCA_NGDPD,2024,
KEN,GGXCNL_NGDP,2025,
KEN,GGXONLB_NGDP,2025,
KEN,GGXWDG_NGDP,2025,
KEN,NGDPD,2024,
KEN,NGDP_RPCH,2024,
KEN,PCPIEPCH,2025,
KEN,PCPIPCH,2025,
KEN,PPPPC,2024,
KGZ,BCA_NGDPD,2024,
KGZ,GGXCNL_NGDP,2024,
KGZ,GGXONLB_NGDP,2024,
KGZ,GGXWDG_NGDP,2024,
KGZ,NGDPD,2024,
KGZ,NGDP_RPCH,2024,
KGZ,PCPIEPCH,2024,
KGZ,PCPIPCH,2024,
KGZ,PPPPC,2024,
KHM,BCA_NGDPD,2024,
KHM,GGXCNL_NGDP,2025,
KHM,GGXONLB_NGDP,2025,
KHM,GGXWDG_NGDP,2025,
KHM,NGDPD,2024,
KHM,NGDP_RPCH,2024,
KHM,PCPIEPCH,2025,
KHM,PCPIPCH,2025,
KHM,PPPPC,2024,
KIR,BCA_NGDPD,2024,
KIR,GGXCNL_NGDP,2024,
KIR,GGXONLB_NGDP,2024,
KIR,GGXWDG_NGDP,2024,
KIR,NGDPD,2024,
KIR,NGDP_RPCH,2024,
KIR,PCPIEPCH,2025,
KIR,PCPIPCH,2025,
KIR,PPPPC,2024,
KNA,BCA_NGDPD,2024,
KNA,GGXCNL_NGDP,2024,
KNA,GGXONLB_NGDP,2024,
KNA,GGXWDG_NGDP,2024,
KNA,NGDPD,2024,
KNA,NGDP_RPCH,2024,
KNA,PCPIEPCH,2024,
KNA,PCPIPCH,2024,
KNA,PPPPC,2024,
KOR,BCA_NGDPD,2025,
KOR,GGXCNL_NGDP,2024,
KOR,GGXONLB_NGDP,2024,
KOR,GGXWDG_NGDP,2024,
KOR,NGDPD,2025,
KOR,NGDP_RPCH,2025,
KOR,PCPIEPCH,2025,
KOR,PCPIPCH,2025,
KOR,PPPPC,2025,
KWT,BCA_NGDPD,2024,
KWT,GGXCNL_NGDP,2024,
KWT,GGXONLB_NGDP,2024,
KWT,GGXWDG_NGDP,2024,
KWT,NGDPD,2024,
KWT,NGDP_RPCH,2024,
KWT,PCPIEPCH,2025,
KWT,PCPIPCH,2025,
KWT,PPPPC,2024,
LAO,BCA_NGDPD,2025,
LAO,GGXCNL_NGDP,2024,
LAO,GGXONLB_NGDP,2024,
LAO,GGXWDG_NGDP,2024,
LAO,NGDPD,2025,
LAO,NGDP_RPCH,2025,
LAO,PCPIEPCH,2025,
LAO,PCPIPCH,2025,
LAO,PPPPC,2025,
LBN,BCA_NGDPD,2024,
LBN,GGXCNL_NGDP,2025,
LBN,GGXONLB_NGDP,2025,
LBN,GGXWDG_NGDP,2025,
LBN,NGDPD,2021,
LBN,NGDP_RPCH,2021,
LBN,PCPIEPCH,2025,
LBN,PCPIPCH,2025,
LBN,PPPPC,2021,
LBR,BCA_NGDPD,2025,
LBR,GGXCNL_NGDP,2025,
LBR,GGXONLB_NGDP,2025,
LBR,GGXWDG_NGDP,2025,
LBR,NGDPD,2025,
LBR,NGDP_RPCH,2025,
LBR,PCPIEPCH,2025,
LBR,PCPIPCH,2025,
LBR,PPPPC,2025,
LBY,BCA_NGDPD,2024,
LBY,GGXCNL_NGDP,2025,
LBY,GGXONLB_NGDP,2025,
LBY,NGDPD,2019,
LBY,NGDP_RPCH,2019,
LBY,PCPIEPCH,2025,
LBY,PCPIPCH,2025,
LBY,PPPPC,2019,
LCA,BCA_NGDPD,2024,
LCA,GGXCNL_NGDP,2024,1
LCA,GGXONLB_NGDP,2024,1
LCA,GGXWDG_NGDP,2024,1
LCA,NGDPD,2024,
LCA,NGDP_RPCH,2024,
LCA,PCPIEPCH,2024,
LCA,PCPIPCH,2024,
LCA,PPPPC,2024,
LIE,BCA_NGDPD,2022,
LIE,GGXCNL_NGDP,2023,
LIE,GGXONLB_NGDP,2023,
LIE,GGXWDG_NGDP,2023,
LIE,NGDPD,2023,
LIE,NGDP_RPCH,2023,
LIE,PCPIEPCH,2025,
LIE,PCPIPCH,2025,
LIE,PPPPC,2023,
LKA,BCA_NGDPD,2024,
LKA,GGXCNL_NGDP,2025,
LKA,GGXONLB_NGDP,2025,
LKA,GGXWDG_NGDP,2025,
LKA,NGDPD,2024,
LKA,NGDP_RPCH,2024,
LKA,PCPIEPCH,2025,
LKA,PCPIPCH,2025,
LKA,PPPPC,2024,
LSO,BCA_NGDPD,2024,1
LSO,GGXCNL_NGDP,2024,1
LSO,GGXONLB_NGDP,2024,1
LSO,GGXWDG_NGDP,2024,1
LSO,NGDPD,2024,1
LSO,NGDP_RPCH,2024,1
LSO,PCPIEPCH,2025,
LSO,PCPIPCH,2025,
LSO,PPPPC,2024,1
LTU,BCA_NGDPD,2024,
LTU,GGXCNL_NGDP,2024,
LTU,GGXONLB_NGDP,2024,
LTU,GGXWDG_NGDP,2024,
LTU,NGDPD,2025,
LTU,NGDP_RPCH,2025,
LTU,PCPIEPCH,2025,
LTU,PCPIPCH,2025,
LTU,PPPPC,2025,
LUX,BCA_NGDPD,2025,
LUX,GGXCNL_NGDP,2025,
LUX,GGXONLB_NGDP,2025,
LUX,GGXWDG_NGDP,2025,
LUX,NGDPD,2024,
LUX,NGDP_RPCH,2024,
LUX,PCPIEPCH,2025,
LUX,PCPIPCH,2025,
LUX,PPPPC,2024,
LVA,BCA_NGDPD,2025,
LVA,GGXCNL_NGDP,2024,
LVA,GGXONLB_NGDP,2024,
LVA,GGXWDG_NGDP,2024,
LVA,NGDPD,2025,
LVA,NGDP_RPCH,2025,
LVA,PCPIEPCH,2025,
LVA,PCPIPCH,2025,
LVA,PPPPC,2025,
MAC,BCA_NGDPD,2024,
MAC,GGXCNL_NGDP,2024,
MAC,GGXONLB_NGDP,2024,
MAC,NGDPD,2025,
MAC,NGDP_RPCH,2025,
MAC,PCPIEPCH,2025,
MAC,PCPIPCH,2025,
MAC,PPPPC,2025,
MAR,BCA_NGDPD,2024,
MAR,GGXCNL_NGDP,2024,
MAR,GGXONLB_NGDP,2024,
MAR,GGXWDG_NGDP,2024,
MAR,NGDPD,2024,
MAR,NGDP_RPCH,2024,
MAR,PCPIEPCH,2024,
MAR,PCPIPCH,2024,
MAR,PPPPC,2024,
MDA,BCA_NGDPD,2025,
MDA,GGXCNL_NGDP,2025,
MDA,GGXONLB_NGDP,2025,
MDA,GGXWDG_NGDP,2025,
MDA,NGDPD,2025,
MDA,NGDP_RPCH,2025,
MDA,PCPIEPCH,2025,
MDA,PCPIPCH,2025,
MDA,PPPPC,2025,
MDG,BCA_NGDPD,2025,
MDG,GGXCNL_NGDP,2025,
MDG,GGXONLB_NGDP,2025,
MDG,GGXWDG_NGDP,2025,
MDG,NGDPD,2024,
MDG,NGDP_RPCH,2024,
MDG,PCPIEPCH,2025,
MDG,PCPIPCH,2025,
MDG,PPPPC,2024,
MDV,BCA_NGDPD,2025,
MDV,GGXCNL_NGDP,2025,
MDV,GGXONLB_NGDP,2025,
MDV,GGXWDG_NGDP,2025,
MDV,NGDPD,2024,
MDV,NGDP_RPCH,2024,
MDV,PCPIEPCH,2025,
MDV,PCPIPCH,2025,
MDV,PPPPC,2024,
MEX,BCA_NGDPD,2025,
MEX,GGXCNL_NGDP,2024,
MEX,GGXONLB_NGDP,2024,
MEX,GGXWDG_NGDP,2024,
MEX,NGDPD,2024,
MEX,NGDP_RPCH,2024,
MEX,PCPIEPCH,2025,
MEX,PCPIPCH,2025,
MEX,PPPPC,2024,
MHL,BCA_NGDPD,2023,1
MHL,GGXCNL_NGDP,2023,1
MHL,GGXONLB_NGDP,2023,1
MHL,GGXWDG_NGDP,2023,1
MHL,NGDPD,2023,1
MHL,NGDP_RPCH,2023,1
MHL,PCPIEPCH,2023,1
MHL,PCPIPCH,2023,1
MHL,PPPPC,2023,1
MKD,BCA_NGDPD,2025,
MKD,GGXCNL_NGDP,2025,
MKD,GGXONLB_NGDP,2025,
MKD,GGXWDG_NGDP,2025,
MKD,NGDPD,2025,
MKD,NGDP_RPCH,2025,
MKD,PCPIEPCH,2025,
MKD,PCPIPCH,2025,
MKD,PPPPC,2025,
MLI,BCA_NGDPD,2024,
MLI,GGXCNL_NGDP,2024,
MLI,GGXONLB_NGDP,2024,
MLI,GGXWDG_NGDP,2024,
MLI,NGDPD,2024,
MLI,NGDP_RPCH,2024,
MLI,PCPIEPCH,2024,
MLI,PCPIPCH,2024,
MLI,PPPPC,2024,
MLT,BCA_NGDPD,2024,
MLT,GGXCNL_NGDP,2024,
MLT,GGXONLB_NGDP,2024,
MLT,GGXWDG_NGDP,2024,
MLT,NGDPD,2025,
MLT,NGDP_RPCH,2025,
MLT,PCPIEPCH,2025,
MLT,PCPIPCH,2025,
MLT,PPPPC,2025,
MMR,BCA_NGDPD,2021,1
MMR,GGXCNL_NGDP,2019,1
MMR,GGXONLB_NGDP,2019,1
MMR,GGXWDG_NGDP,2019,1
MMR,NGDPD,2021,1
MMR,NGDP_RPCH,2021,1
MMR,PCPIEPCH,2023,1
MMR,PCPIPCH,2023,1
MMR,PPPPC,2021,1
MNE,BCA_NGDPD,2025,
MNE,GGXCNL_NGDP,2025,
MNE,GGXONLB_NGDP,2025,
MNE,GGXWDG_NGDP,2025,
MNE,NGDPD,2025,
MNE,NGDP_RPCH,2025,
MNE,PCPIEPCH,2025,
MNE,PCPIPCH,2025,
MNE,PPPPC,2025,
MNG,BCA_NGDPD,2025,
MNG,GGXCNL_NGDP,2025,
MNG,GGXONLB_NGDP,2025,
MNG,GGXWDG_NGDP,2025,
MNG,NGDPD,2025,
MNG,NGDP_RPCH,2025,
MNG,PCPIEPCH,2025,
MNG,PCPIPCH,2025,
MNG,PPPPC,2025,
MOZ,BCA_NGDPD,2022,
MOZ,GGXCNL_NGDP,2023,
MOZ,GGXONLB_NGDP,2023,
MOZ,GGXWDG_NGDP,2023,
MOZ,NGDPD,2023,
MOZ,NGDP_RPCH,2023,
MOZ,PCPIEPCH,2024,
MOZ,PCPIPCH,2024,
MOZ,PPPPC,2023,
MRT,BCA_NGDPD,2024,
MRT,GGXCNL_NGDP,2023,
MRT,GGXONLB_NGDP,2023,
MRT,GGXWDG_NGDP,2023,
MRT,NGDPD,2024,
MRT,NGDP_RPCH,2024,
MRT,PCPIEPCH,2025,
MRT,PCPIPCH,2025,
MRT,PPPPC,2024,
MUS,BCA_NGDPD,2024,
MUS,GGXCNL_NGDP,2024,
MUS,GGXONLB_NGDP,2024,
MUS,GGXWDG_NGDP,2024,
MUS,NGDPD,2024,
MUS,NGDP_RPCH,2024,
MUS,PCPIEPCH,2025,
MUS,PCPIPCH,2025,
MUS,PPPPC,2024,
MWI,BCA_NGDPD,2024,
MWI,GGXCNL_NGDP,2025,
MWI,GGXONLB_NGDP,2025,
MWI,GGXWDG_NGDP,2025,
MWI,NGDPD,2024,
MWI,NGDP_RPCH,2024,
MWI,PCPIEPCH,2025,
MWI,PCPIPCH,2025,
MWI,PPPPC,2024,
MYS,BCA_NGDPD,2025,
MYS,GGXCNL_NGDP,2025,
MYS,GGXONLB_NGDP,2025,
MYS,GGXWDG_NGDP,2025,
MYS,NGDPD,2025,
MYS,NGDP_RPCH,2025,
MYS,PCPIEPCH,2025,
MYS,PCPIPCH,2025,
MYS,PPPPC,2025,
NAM,BCA_NGDPD,2025,
NAM,GGXCNL_NGDP,2024,
NAM,GGXONLB_NGDP,2024,
NAM,GGXWDG_NGDP,2024,
NAM,NGDPD,2024,
NAM,NGDP_RPCH,2024,
NAM,PCPIEPCH,2025,
NAM,PCPIPCH,2025,
NAM,PPPPC,2024,
NER,BCA_NGDPD,2024,
NER,GGXCNL_NGDP,2024,
NER,GGXONLB_NGDP,2024,
NER,GGXWDG_NGDP,2024,
NER,NGDPD,2022,
NER,NGDP_RPCH,2022,
NER,PCPIEPCH,2025,
NER,PCPIPCH,2025,
NER,PPPPC,2022,
NGA,BCA_NGDPD,2024,
NGA,GGXCNL_NGDP,2024,
NGA,GGXONLB_NGDP,2024,
NGA,GGXWDG_NGDP,2024,
NGA,NGDPD,2024,
NGA,NGDP_RPCH,2024,
NGA,PCPIEPCH,2025,
NGA,PCPIPCH,2025,
NGA,PPPPC,2024,
NIC,BCA_NGDPD,2024,
NIC,GGXCNL_NGDP,2024,
NIC,GGXONLB_NGDP,2024,
NIC,GGXWDG_NGDP,2024,
NIC,NGDPD,2025,
NIC,NGDP_RPCH,2025,
NIC,PCPIEPCH,2025,
NIC,PCPIPCH,2025,
NIC,PPPPC,2025,
NLD,BCA_NGDPD,2024,
NLD,GGXCNL_NGDP,2024,
NLD,GGXONLB_NGDP,2024,
NLD,GGXWDG_NGDP,2024,
NLD,NGDPD,2025,
NLD,NGDP_RPCH,2025,
NLD,PCPIEPCH,2025,
NLD,PCPIPCH,2025,
NLD,PPPPC,2025,
NOR,BCA_NGDPD,2025,
NOR,GGXCNL_NGDP,2024,
NOR,GGXONLB_NGDP,2024,
NOR,GGXWDG_NGDP,2024,
NOR,NGDPD,2025,
NOR,NGDP_RPCH,2025,
NOR,PCPIEPCH,2025,
NOR,PCPIPCH,2025,
NOR,PPPPC,2025,
NPL,BCA_NGDPD,2024,1
NPL,GGXCNL_NGDP,2024,1
NPL,GGXONLB_NGDP,2024,1
NPL,GGXWDG_NGDP,2024,1
NPL,NGDPD,2024,1
NPL,NGDP_RPCH,2024,1
NPL,PCPIEPCH,2024,1
NPL,PCPIPCH,2024,1
NPL,PPPPC,2024,1
NRU,BCA_NGDPD,2024,1
NRU,GGXCNL_NGDP,2024,1
NRU,GGXWDG_NGDP,2024,1
NRU,NGDPD,2020,1
NRU,NGDP_RPCH,2020,1
NRU,PCPIEPCH,2023,1
NRU,PCPIPCH,2023,1
NRU,PPPPC,2020,1
NZL,BCA_NGDPD,2025,
NZL,GGXCNL_NGDP,2025,
NZL,GGXONLB_NGDP,2025,
NZL,GGXWDG_NGDP,2025,
NZL,NGDPD,2025,
NZL,NGDP_RPCH,2025,
NZL,PCPIEPCH,2025,
NZL,PCPIPCH,2025,
NZL,PPPPC,2025,
OMN,BCA_NGDPD,2024,
OMN,GGXCNL_NGDP,2024,
OMN,GGXONLB_NGDP,2024,
OMN,GGXWDG_NGDP,2024,
OMN,NGDPD,2025,
OMN,NGDP_RPCH,2025,
OMN,PCPIEPCH,2025,
OMN,PCPIPCH,2025,
OMN,PPPPC,2025,
PAK,BCA_NGDPD,2024,1
PAK,GGXCNL_NGDP,2024,1
PAK,GGXONLB_NGDP,2024,1
PAK,GGXWDG_NGDP,2024,1
PAK,NGDPD,2024,1
PAK,NGDP_RPCH,2024,1
PAK,PCPIEPCH,2024,1
PAK,PCPIPCH,2024,1
PAK,PPPPC,2024,1
PAN,BCA_NGDPD,2024,
PAN,GGXCNL_NGDP,2025,
PAN,GGXONLB_NGDP,2025,
PAN,GGXWDG_NGDP,2025,
PAN,NGDPD,2025,
PAN,NGDP_RPCH,2025,
PAN,PCPIEPCH,2025,
PAN,PCPIPCH,2025,
PAN,PPPPC,2025,
PER,BCA_NGDPD,2025,
PER,GGXCNL_NGDP,2025,
PER,GGXONLB_NGDP,2025,
PER,GGXWDG_NGDP,2025,
PER,NGDPD,2025,
PER,NGDP_RPCH,2025,
PER,PCPIEPCH,2025,
PER,PCPIPCH,2025,
PER,PPPPC,2025,
PHL,BCA_NGDPD,2025,
PHL,GGXCNL_NGDP,2025,
PHL,GGXONLB_NGDP,2025,
PHL,GGXWDG_NGDP,2025,
PHL,NGDPD,2025,
PHL,NGDP_RPCH,2025,
PHL,PCPIEPCH,2025,
PHL,PCPIPCH,2025,
PHL,PPPPC,2025,
PLW,BCA_NGDPD,2023,1
PLW,GGXCNL_NGDP,2023,1
PLW,GGXWDG_NGDP,2023,1
PLW,NGDPD,2023,1
PLW,NGDP_RPCH,2023,1
PLW,PCPIEPCH,2025,
PLW,PCPIPCH,2025,
PLW,PPPPC,2023,1
PNG,BCA_NGDPD,2025,
PNG,GGXCNL_NGDP,2025,
PNG,GGXONLB_NGDP,2025,
PNG,GGXWDG_NGDP,2025,
PNG,NGDPD,2024,
PNG,NGDP_RPCH,2024,
PNG,PCPIEPCH,2025,
PNG,PCPIPCH,2025,
PNG,PPPPC,2024,
POL,BCA_NGDPD,2024,
POL,GGXCNL_NGDP,2024,
POL,GGXONLB_NGDP,2024,
POL,GGXWDG_NGDP,2024,
POL,NGDPD,2025,
POL,NGDP_RPCH,2025,
POL,PCPIEPCH,2025,
POL,PCPIPCH,2025,
POL,PPPPC,2025,
PRI,GGXCNL_NGDP,2023,1
PRI,GGXONLB_NGDP,2023,1
PRI,GGXWDG_NGDP,2023,1
PRI,NGDPD,2023,1
PRI,NGDP_RPCH,2023,1
PRI,PCPIEPCH,2024,
PRI,PCPIPCH,2024,
PRI,PPPPC,2023,1
PRT,BCA_NGDPD,2024,
PRT,GGXCNL_NGDP,2024,
PRT,GGXONLB_NGDP,2024,
PRT,GGXWDG_NGDP,2024,
PRT,NGDPD,2024,
PRT,NGDP_RPCH,2024,
PRT,PCPIEPCH,2025,
PRT,PCPIPCH,2025,
PRT,PPPPC,2024,
PRY,BCA_NGDPD,2024,
PRY,GGXCNL_NGDP,2025,
PRY,GGXONLB_NGDP,2025,
PRY,GGXWDG_NGDP,2025,
PRY,NGDPD,2024,
PRY,NGDP_RPCH,2024,
PRY,PCPIEPCH,2025,
PRY,PCPIPCH,2025,
PRY,PPPPC,2024,
PSE,BCA_NGDPD,2024,
PSE,GGXCNL_NGDP,2025,
PSE,GGXWDG_NGDP,2025,
PSE,NGDPD,2024,
PSE,NGDP_RPCH,2024,
PSE,PCPIEPCH,2025,
PSE,PCPIPCH,2025,
PSE,PPPPC,2024,
QAT,BCA_NGDPD,2023,
QAT,GGXCNL_NGDP,2023,
QAT,GGXONLB_NGDP,2023,
QAT,GGXWDG_NGDP,2023,
QAT,NGDPD,2023,
QAT,NGDP_RPCH,2023,
QAT,PCPIEPCH,2023,
QAT,PCPIPCH,2023,
QAT,PPPPC,2023,
ROU,BCA_NGDPD,2025,
ROU,GGXCNL_NGDP,2024,
ROU,GGXONLB_NGDP,2024,
ROU,GGXWDG_NGDP,2024,
ROU,NGDPD,2025,
ROU,NGDP_RPCH,2025,
ROU,PCPIEPCH,2025,
ROU,PCPIPCH,2025,
ROU,PPPPC,2025,
RUS,BCA_NGDPD,2025,
RUS,GGXCNL_NGDP,2025,
RUS,GGXONLB_NGDP,2025,
RUS,GGXWDG_NGDP,2025,
RUS,NGDPD,2025,
RUS,NGDP_RPCH,2025,
RUS,PCPIEPCH,2025,
RUS,PCPIPCH,2025,
RUS,PPPPC,2025,
RWA,BCA_NGDPD,2024,
RWA,GGXCNL_NGDP,2024,1
RWA,GGXONLB_NGDP,2024,1
RWA,GGXWDG_NGDP,2024,1
RWA,NGDPD,2024,
RWA,NGDP_RPCH,2024,
RWA,PCPIEPCH,2025,
RWA,PCPIPCH,2025,
RWA,PPPPC,2024,
SAU,BCA_NGDPD,2024,
SAU,GGXCNL_NGDP,2025,
SAU,GGXONLB_NGDP,2025,
SAU,GGXWDG_NGDP,2025,
SAU,NGDPD,2025,
SAU,NGDP_RPCH,2025,
SAU,PCPIEPCH,2025,
SAU,PCPIPCH,2025,
SAU,PPPPC,2025,
SDN,BCA_NGDPD,2021,
SDN,GGXCNL_NGDP,2021,
SDN,GGXONLB_NGDP,2021,
SDN,GGXWDG_NGDP,2021,
SDN,NGDPD,2019,
SDN,NGDP_RPCH,2019,
SDN,PCPIEPCH,2025,
SDN,PCPIPCH,2025,
SDN,PPPPC,2019,
SEN,BCA_NGDPD,2024,
SEN,GGXCNL_NGDP,2024,
SEN,GGXONLB_NGDP,2024,
SEN,GGXWDG_NGDP,2024,
SEN,NGDPD,2024,
SEN,NGDP_RPCH,2024,
SEN,PCPIEPCH,2024,
SEN,PCPIPCH,2024,
SEN,PPPPC,2024,
SGP,BCA_NGDPD,2025,
SGP,GGXCNL_NGDP,2024,1
SGP,GGXWDG_NGDP,2024,1
SGP,NGDPD,2025,
SGP,NGDP_RPCH,2025,
SGP,PCPIEPCH,2025,
SGP,PCPIPCH,2025,
SGP,PPPPC,2025,
SLB,BCA_NGDPD,2024,
SLB,GGXCNL_NGDP,2024,
SLB,GGXONLB_NGDP,2024,
SLB,GGXWDG_NGDP,2024,
SLB,NGDPD,2024,
SLB,NGDP_RPCH,2024,
SLB,PCPIEPCH,2025,
SLB,PCPIPCH,2025,
SLB,PPPPC,2024,
SLE,BCA_NGDPD,2024,
SLE,GGXCNL_NGDP,2024,
SLE,GGXONLB_NGDP,2024,
SLE,GGXWDG_NGDP,2024,
SLE,NGDPD,2024,
SLE,NGDP_RPCH,2024,
SLE,PCPIEPCH,2024,
SLE,PCPIPCH,2024,
SLE,PPPPC,2024,
SLV,BCA_NGDPD,2024,
SLV,GGXCNL_NGDP,2025,
SLV,GGXONLB_NGDP,2025,
SLV,GGXWDG_NGDP,2025,
SLV,NGDPD,2024,
SLV,NGDP_RPCH,2024,
SLV,PCPIEPCH,2025,
SLV,PCPIPCH,2025,
SLV,PPPPC,2024,
SMR,BCA_NGDPD,2023,
SMR,GGXCNL_NGDP,2024,
SMR,GGXONLB_NGDP,2024,
SMR,GGXWDG_NGDP,2024,
SMR,NGDPD,2023,
SMR,NGDP_RPCH,2023,
SMR,PCPIEPCH,2024,
SMR,PCPIPCH,2024,
SMR,PPPPC,2023,
SOM,BCA_NGDPD,2023,
SOM,GGXCNL_NGDP,2025,
SOM,GGXONLB_NGDP,2025,
SOM,NGDPD,2024,
SOM,NGDP_RPCH,2024,
SOM,PCPIEPCH,2024,
SOM,PCPIPCH,2024,
SOM,PPPPC,2024,
SRB,BCA_NGDPD,2025,
SRB,GGXCNL_NGDP,2025,
SRB,GGXONLB_NGDP,2025,
SRB,GGXWDG_NGDP,2025,
SRB,NGDPD,2025,
SRB,NGDP_RPCH,2025,
SRB,PCPIEPCH,2025,
SRB,PCPIPCH,2025,
SRB,PPPPC,2025,
SSD,BCA_NGDPD,2024,
SSD,GGXCNL_NGDP,2024,
SSD,GGXONLB_NGDP,2024,
SSD,GGXWDG_NGDP,2024,
SSD,NGDPD,2024,
SSD,NGDP_RPCH,2024,
SSD,PCPIEPCH,2024,
SSD,PCPIPCH,2024,
SSD,PPPPC,2024,
STP,BCA_NGDPD,2024,
STP,GGXCNL_NGDP,2025,
STP,GGXONLB_NGDP,2025,
STP,GGXWDG_NGDP,2025,
STP,NGDPD,2024,
STP,NGDP_RPCH,2024,
STP,PCPIEPCH,2025,
STP,PCPIPCH,2025,
STP,PPPPC,2024,
SUR,BCA_NGDPD,2025,
SUR,GGXCNL_NGDP,2023,
SUR,GGXONLB_NGDP,2023,
SUR,GGXWDG_NGDP,2023,
SUR,NGDPD,2025,
SUR,NGDP_RPCH,2025,
SUR,PCPIEPCH,2025,
SUR,PCPIPCH,2025,
SUR,PPPPC,2025,
SVK,BCA_NGDPD,2025,
SVK,GGXCNL_NGDP,2024,
SVK,GGXONLB_NGDP,2024,
SVK,GGXWDG_NGDP,2024,
SVK,NGDPD,2025,
SVK,NGDP_RPCH,2025,
SVK,PCPIEPCH,2025,
SVK,PCPIPCH,2025,
SVK,PPPPC,2025,
SVN,BCA_NGDPD,2025,
SVN,GGXCNL_NGDP,2024,
SVN,GGXONLB_NGDP,2024,
SVN,GGXWDG_NGDP,2024,
SVN,NGDPD,2025,
SVN,NGDP_RPCH,2025,
SVN,PCPIEPCH,2025,
SVN,PCPIPCH,2025,
SVN,PPPPC,2025,
SWE,BCA_NGDPD,2024,
SWE,GGXCNL_NGDP,2024,
SWE,GGXONLB_NGDP,2024,
SWE,GGXWDG_NGDP,2024,
SWE,NGDPD,2024,
SWE,NGDP_RPCH,2024,
SWE,PCPIEPCH,2025,
SWE,PCPIPCH,2025,
SWE,PPPPC,2024,
SWZ,BCA_NGDPD,2025,
SWZ,GGXCNL_NGDP,2024,1
SWZ,GGXONLB_NGDP,2024,1
SWZ,GGXWDG_NGDP,2024,1
SWZ,NGDPD,2024,
SWZ,NGDP_RPCH,2024,
SWZ,PCPIEPCH,2025,
SWZ,PCPIPCH,2025,
SWZ,PPPPC,2024,
SYC,BCA_NGDPD,2024,
SYC,GGXCNL_NGDP,2025,
SYC,GGXONLB_NGDP,2025,
SYC,GGXWDG_NGDP,2025,
SYC,NGDPD,2024,
SYC,NGDP_RPCH,2024,
SYC,PCPIEPCH,2025,
SYC,PCPIPCH,2025,
SYC,PPPPC,2024,
SYR,BCA_NGDPD,2009,
SYR,GGXCNL_NGDP,2009,
SYR,GGXONLB_NGDP,2009,
SYR,GGXWDG_NGDP,2009,
SYR,NGDPD,2010,
SYR,NGDP_RPCH,2010,
SYR,PCPIEPCH,2011,
SYR,PCPIPCH,2011,
SYR,PPPPC,2010,
TCD,BCA_NGDPD,2022,
TCD,GGXCNL_NGDP,2024,
TCD,GGXONLB_NGDP,2024,
TCD,GGXWDG_NGDP,2024,
TCD,NGDPD,2024,
TCD,NGDP_RPCH,2024,
TCD,PCPIEPCH,2024,
TCD,PCPIPCH,2024,
TCD,PPPPC,2024,
TGO,BCA_NGDPD,2023,
TGO,GGXCNL_NGDP,2025,
TGO,GGXONLB_NGDP,2025,
TGO,GGXWDG_NGDP,2025,
TGO,NGDPD,2023,
TGO,NGDP_RPCH,2023,
TGO,PCPIEPCH,2025,
TGO,PCPIPCH,2025,
TGO,PPPPC,2023,
THA,BCA_NGDPD,2024,
THA,GGXCNL_NGDP,2023,1
THA,GGXONLB_NGDP,2023,1
THA,GGXWDG_NGDP,2023,1
THA,NGDPD,2025,
THA,NGDP_RPCH,2025,
THA,PCPIEPCH,2025,
THA,PCPIPCH,2025,
THA,PPPPC,2025,
TJK,BCA_NGDPD,2024,
TJK,GGXCNL_NGDP,2023,
TJK,GGXONLB_NGDP,2023,
TJK,GGXWDG_NGDP,2023,
TJK,NGDPD,2023,
TJK,NGDP_RPCH,2023,
TJK,PCPIEPCH,2023,
TJK,PCPIPCH,2023,
TJK,PPPPC,2023,
TKM,BCA_NGDPD,2024,
TKM,GGXCNL_NGDP,2024,
TKM,GGXWDG_NGDP,2024,
TKM,NGDPD,2024,
TKM,NGDP_RPCH,2024,
TKM,PCPIEPCH,2024,
TKM,PCPIPCH,2024,
TKM,PPPPC,2024,
TLS,BCA_NGDPD,2024,
TLS,GGXCNL_NGDP,2024,
TLS,GGXONLB_NGDP,2024,
TLS,GGXWDG_NGDP,2024,
TLS,NGDPD,2024,
TLS,NGDP_RPCH,2024,
TLS,PCPIEPCH,2025,
TLS,PCPIPCH,2025,
TLS,PPPPC,2024,
TON,BCA_NGDPD,2023,1
TON,GGXCNL_NGDP,2023,1
TON,GGXONLB_NGDP,2023,1
TON,GGXWDG_NGDP,2023,1
TON,NGDPD,2023,1
TON,NGDP_RPCH,2023,1
TON,PCPIEPCH,2024,1
TON,PCPIPCH,2024,1
TON,PPPPC,2023,1
TTO,BCA_NGDPD,2024,
TTO,GGXCNL_NGDP,2024,1
TTO,GGXONLB_NGDP,2024,1
TTO,GGXWDG_NGDP,2024,1
TTO,NGDPD,2024,
TTO,NGDP_RPCH,2024,
TTO,PCPIEPCH,2025,
TTO,PCPIPCH,2025,
TTO,PPPPC,2024,
TUN,BCA_NGDPD,2025,
TUN,GGXCNL_NGDP,2025,
TUN,GGXONLB_NGDP,2025,
TUN,GGXWDG_NGDP,2025,
TUN,NGDPD,2025,
TUN,NGDP_RPCH,2025,
TUN,PCPIEPCH,2025,
TUN,PCPIPCH,2025,
TUN,PPPPC,2025,
TUR,BCA_NGDPD,2025,
TUR,GGXCNL_NGDP,2025,
TUR,GGXONLB_NGDP,2025,
TUR,GGXWDG_NGDP,2025,
TUR,NGDPD,2025,
TUR,NGDP_RPCH,2025,
TUR,PCPIEPCH,2025,
TUR,PCPIPCH,2025,
TUR,PPPPC,2025,
TUV,BCA_NGDPD,2023,
TUV,GGXCNL_NGDP,2025,
TUV,GGXONLB_NGDP,2025,
TUV,GGXWDG_NGDP,2025,
TUV,NGDPD,2024,
TUV,NGDP_RPCH,2024,
TUV,PCPIEPCH,2024,
TUV,PCPIPCH,2024,
TUV,PPPPC,2024,
TWN,BCA_NGDPD,2024,
TWN,GGXCNL_NGDP,2024,
TWN,GGXWDG_NGDP,2024,
TWN,NGDPD,2025,
TWN,NGDP_RPCH,2025,
TWN,PCPIEPCH,2025,
TWN,PCPIPCH,2025,
TWN,PPPPC,2025,
TZA,BCA_NGDPD,2023,
TZA,GGXCNL_NGDP,2023,
TZA,GGXONLB_NGDP,2023,
TZA,GGXWDG_NGDP,2023,
TZA,NGDPD,2023,
TZA,NGDP_RPCH,2023,
TZA,PCPIEPCH,2023,
TZA,PCPIPCH,2023,
TZA,PPPPC,2023,
UGA,BCA_NGDPD,2025,
UGA,GGXCNL_NGDP,2024,
UGA,GGXONLB_NGDP,2024,
UGA,GGXWDG_NGDP,2024,
UGA,NGDPD,2024,
UGA,NGDP_RPCH,2024,
UGA,PCPIEPCH,2025,
UGA,PCPIPCH,2025,
UGA,PPPPC,2024,
UKR,BCA_NGDPD,2024,
UKR,GGXCNL_NGDP,2024,
UKR,GGXONLB_NGDP,2024,
UKR,GGXWDG_NGDP,2024,
UKR,NGDPD,2024,
UKR,NGDP_RPCH,2024,
UKR,PCPIEPCH,2025,
UKR,PCPIPCH,2025,
UKR,PPPPC,2024,
URY,BCA_NGDPD,2024,
URY,GGXCNL_NGDP,2025,
URY,GGXONLB_NGDP,2025,
URY,GGXWDG_NGDP,2025,
URY,NGDPD,2024,
URY,NGDP_RPCH,2024,
URY,PCPIEPCH,2025,
URY,PCPIPCH,2025,
URY,PPPPC,2024,
USA,BCA_NGDPD,2024,
USA,GGXCNL_NGDP,2025,
USA,GGXONLB_NGDP,2025,
USA,GGXWDG_NGDP,2025,
USA,NGDPD,2025,
USA,NGDP_RPCH,2025,
USA,PCPIEPCH,2025,
USA,PCPIPCH,2025,
USA,PPPPC,2025,
UZB,BCA_NGDPD,2024,
UZB,GGXCNL_NGDP,2025,
UZB,GGXONLB_NGDP,2025,
UZB,GGXWDG_NGDP,2025,
UZB,NGDPD,2024,
UZB,NGDP_RPCH,2024,
UZB,PCPIEPCH,2025,
UZB,PCPIPCH,2025,
UZB,PPPPC,2024,
VCT,BCA_NGDPD,2025,
VCT,GGXCNL_NGDP,2024,
VCT,GGXONLB_NGDP,2024,
VCT,GGXWDG_NGDP,2024,
VCT,NGDPD,2024,
VCT,NGDP_RPCH,2024,
VCT,PCPIEPCH,2025,
VCT,PCPIPCH,2025,
VCT,PPPPC,2024,
VEN,BCA_NGDPD,2018,
VEN,GGXCNL_NGDP,2017,
VEN,GGXONLB_NGDP,2017,
VEN,GGXWDG_NGDP,2017,
VEN,NGDPD,2018,
VEN,NGDP_RPCH,2018,
VEN,PCPIEPCH,2025,
VEN,PCPIPCH,2025,
VEN,PPPPC,2018,
VNM,BCA_NGDPD,2024,
VNM,GGXCNL_NGDP,2024,
VNM,GGXONLB_NGDP,2024,
VNM,GGXWDG_NGDP,2024,
VNM,NGDPD,2025,
VNM,NGDP_RPCH,2025,
VNM,PCPIEPCH,2025,
VNM,PCPIPCH,2025,
VNM,PPPPC,2025,
VUT,BCA_NGDPD,2024,
VUT,GGXCNL_NGDP,2024,
VUT,GGXONLB_NGDP,2024,
VUT,GGXWDG_NGDP,2024,
VUT,NGDPD,2024,
VUT,NGDP_RPCH,2024,
VUT,PCPIEPCH,2024,
VUT,PCPIPCH,2024,
VUT,PPPPC,2024,
WSM,BCA_NGDPD,2024,1
WSM,GGXCNL_NGDP,2024,1
WSM,GGXWDG_NGDP,2024,1
WSM,NGDPD,2024,1
WSM,NGDP_RPCH,2024,1
WSM,PCPIEPCH,2024,1
WSM,PCPIPCH,2024,1
WSM,PPPPC,2024,1
XKX,BCA_NGDPD,2025,
XKX,GGXCNL_NGDP,2024,
XKX,GGXONLB_NGDP,2024,
XKX,GGXWDG_NGDP,2024,
XKX,NGDPD,2025,
XKX,NGDP_RPCH,2025,
XKX,PCPIEPCH,2025,
XKX,PCPIPCH,2025,
XKX,PPPPC,2025,
YEM,BCA_NGDPD,2024,
YEM,GGXCNL_NGDP,2025,
YEM,GGXONLB_NGDP,2025,
YEM,NGDPD,2024,
YEM,NGDP_RPCH,2024,
YEM,PCPIPCH,2025,
YEM,PPPPC,2024,
ZAF,BCA_NGDPD,2024,
ZAF,GGXCNL_NGDP,2024,1
ZAF,GGXONLB_NGDP,2024,1
ZAF,GGXWDG_NGDP,2024,1
ZAF,NGDPD,2025,
ZAF,NGDP_RPCH,2025,
ZAF,PCPIEPCH,2025,
ZAF,PCPIPCH,2025,
ZAF,PPPPC,2025,
ZMB,BCA_NGDPD,2024,
ZMB,GGXCNL_NGDP,2025,
ZMB,GGXONLB_NGDP,2025,
ZMB,GGXWDG_NGDP,2025,
ZMB,NGDPD,2024,
ZMB,NGDP_RPCH,2024,
ZMB,PCPIEPCH,2025,
ZMB,PCPIPCH,2025,
ZMB,PPPPC,2024,
ZWE,BCA_NGDPD,2024,
ZWE,GGXCNL_NGDP,2025,
ZWE,GGXONLB_NGDP,2025,
ZWE,GGXWDG_NGDP,2025,
ZWE,NGDPD,2024,
ZWE,NGDP_RPCH,2024,
ZWE,PCPIEPCH,2025,
ZWE,PCPIPCH,2025,
ZWE,PPPPC,2024,
